Date,CDS,US10Y,DXY,RESERVES,ln_DXY,ln_RES,BRUNSON,AGBAL
2010-01-01,188.0,3.85,77.86,74810.0,4.35491234218231,11.222706844866451,0,0
2010-01-08,172.5,3.83,77.471,74532.0,4.3499036727830385,11.218983842347303,0,0
2010-01-15,169.0,3.7,77.323,76631.0,4.347991453380505,11.246756973598734,0,0
2010-01-22,179.0,3.62,78.277,74380.0,4.360253817828241,11.216942367479062,0,0
2010-01-29,193.5,3.63,79.462,74899.0,4.3752789199665,11.223895818281337,0,0
2010-02-05,218.5,3.59,80.441,74285.0,4.387523996453236,11.215664326071453,0,0
2010-02-12,203.0,3.69,80.218,72010.0,4.384747928592569,11.184560277242912,0,0
2010-02-19,193.0,3.78,80.643,71478.0,4.390032006012019,11.177144989027417,0,0
2010-02-26,190.5,3.61,80.362,71842.0,4.386541427641014,11.182224542232218,0,0
2010-03-05,168.5,3.69,80.432,72199.0,4.38741210695022,11.187181474369487,0,0
2010-03-12,159.0,3.71,79.833,72186.0,4.379936952808799,11.187001400261579,0,0
2010-03-19,165.0,3.7,80.724,72897.0,4.391035928831469,11.196802764886597,0,0
2010-03-26,169.5,3.86,81.676,72398.0,4.402760201060788,11.189933953682857,0,0
2010-04-02,169.0,3.96,81.173,73421.0,4.396582679557883,11.203965277225027,0,0
2010-04-09,165.0,3.9,81.093,72584.0,4.395596644202581,11.192499790849466,0,0
2010-04-16,165.5,3.79,80.824,74987.0,4.392273951125431,11.225070044161155,0,0
2010-04-23,173.0,3.84,81.352,76729.0,4.398785418488837,11.248035012374677,0,0
2010-04-30,173.5,3.69,81.866,77104.0,4.4050837642492455,11.252910438880114,0,0
2010-05-07,228.5,3.45,84.45,75494.0,4.436159643253809,11.231808461880517,0,0
2010-05-14,175.87,3.44,86.095,76496.0,4.4554513377381495,11.244993730865884,0,0
2010-05-21,198.5,3.2,85.371,75842.0,4.447006464670372,11.236407507889204,0,0
2010-05-28,175.17,3.31,86.48,76014.0,4.4599131733309525,11.238672812830108,0,0
2010-06-04,199.16,3.2,88.233,75938.0,4.479981042696079,11.237672496857467,0,0
2010-06-11,187.83,3.24,87.507,75012.0,4.47171879016374,11.225403379719813,0,0
2010-06-18,179.16,3.24,85.699,74724.0,4.45084115692422,11.221556604660453,0,0
2010-06-25,192.5,3.12,85.313,74769.0,4.446326846167965,11.222158639556524,0,0
2010-07-02,194.66,3.0,84.427,75421.0,4.435887255656419,11.23084102980692,0,0
2010-07-09,177.83,3.07,83.947,76646.0,4.43018564732814,11.246952697680598,0,0
2010-07-16,174.5,2.96,82.486,77096.0,4.412628581970779,11.252806677531124,0,0
2010-07-23,166.33,3.02,82.464,77494.0,4.412361834469954,11.257955792989566,0,0
2010-07-30,164.5,2.94,81.539,78852.0,4.401081433396357,11.275327956685867,0,0
2010-08-06,161.16,2.86,80.407,80177.0,4.3871012370716285,11.29199196968209,0,0
2010-08-13,169.16,2.68,82.948,79370.0,4.418213905435594,11.281875742084921,0,0
2010-08-20,166.0,2.62,83.057,80064.0,4.419527119081743,11.290581593826584,0,0
2010-08-27,180.83,2.66,82.918,80638.0,4.417852167643314,11.29772528141033,0,0
2010-09-03,163.83,2.72,82.102,81474.0,4.4079623766976015,11.30803922992685,0,0
2010-09-10,165.83,2.81,82.698,81615.0,4.415195417940357,11.309768347588136,0,0
2010-09-17,161.83,2.75,81.398,79501.0,4.399350702682076,11.283524879179666,0,0
2010-09-24,163.5,2.62,79.395,80432.0,4.374435393978061,11.295167385932357,0,0
2010-10-01,158.16,2.54,78.088,81921.0,4.357836395872664,11.31351064723008,0,0
2010-10-08,144.16,2.41,77.325,83256.0,4.3480173185711335,11.329675477317695,0,0
2010-10-15,134.83,2.59,77.041,84217.0,4.344337747675617,11.341152080088838,0,0
2010-10-22,138.16,2.59,77.472,84490.0,4.3499165807556475,11.34438846314689,0,0
2010-10-29,133.5,2.63,77.266,83958.0,4.347254014072623,11.338071952783768,0,0
2010-11-05,120.33,2.58,76.548,85174.0,4.337917995047818,11.352451501926053,0,0
2010-11-12,132.5,2.76,78.082,85033.0,4.357759556530883,11.35079469542275,0,0
2010-11-19,132.0,2.88,78.504,84761.0,4.363149578904193,11.347590810330573,0,0
2010-11-26,142.75,2.87,80.357,84296.0,4.386479207243904,11.342089693279364,0,0
2010-12-03,133.5,3.03,79.377,84105.0,4.374208653745814,11.339821297225882,0,0
2010-12-10,131.83,3.32,80.07,84620.0,4.382901252084542,11.34592592427406,0,0
2010-12-17,137.2,3.33,80.373,84238.0,4.386678298888934,11.34140140483561,0,0
2010-12-24,143.0,3.41,80.474,84615.0,4.387934150888343,11.345866834842186,0,0
2010-12-31,142.0,3.3,79.028,85960.0,4.369802220051159,11.361637350756446,0,0
2011-01-07,146.0,3.34,81.012,85443.0,4.394597291847734,11.355604765937148,0,0
2011-01-14,144.0,3.35,79.162,86917.0,4.371496385700701,11.372708919278638,0,0
2011-01-21,147.67,3.44,78.213,86772.0,4.359435874144067,11.371039267962953,0,0
2011-01-28,167.17,3.36,78.133,87599.0,4.358412502814043,11.38052486133421,0,0
2011-02-04,159.16,3.68,78.044,87839.0,4.357272770207652,11.383260872343401,0,0
2011-02-11,164.5,3.64,78.46,87341.0,4.362588940781406,11.377575276481679,0,0
2011-02-18,172.63,3.59,77.664,86927.0,4.352391829544191,11.372823964951898,0,0
2011-02-25,175.19,3.42,77.275,87841.0,4.34737048801818,11.383283641013712,0,0
2011-03-04,166.03,3.49,76.4,88636.0,4.335982696172475,11.392293374609096,0,0
2011-03-11,161.36,3.4,76.776,88732.0,4.340892091315326,11.393375869866125,0,0
2011-03-18,163.67,3.28,75.718,91040.0,4.327015912891392,11.419054249360158,0,0
2011-03-25,157.09,3.46,76.217,91469.0,4.333584534923001,11.42375539604446,0,0
2011-04-01,150.33,3.46,75.833,92149.0,4.328533554108839,11.43116211116714,0,0
2011-04-08,141.41,3.59,75.066,92366.0,4.318367726563318,11.433514224545942,0,0
2011-04-15,149.22,3.43,74.832,93409.0,4.3152456009835305,11.444742979317672,0,0
2011-04-22,151.71,3.42,74.108,94068.0,4.305523488687767,11.451773203976723,0,0
2011-04-29,146.89,3.32,72.933,95578.0,4.28954121148536,11.467697947033539,0,0
2011-05-06,148.97,3.19,74.841,95288.0,4.315365863155209,11.464659163560738,0,0
2011-05-13,158.52,3.18,75.757,94843.0,4.327530849360932,11.459978171901744,0,0
2011-05-20,159.57,3.15,75.435,94811.0,4.323271358292038,11.459640715266993,0,0
2011-05-27,165.88,3.07,74.954,96753.0,4.316874592037145,11.479916618163235,0,0
2011-06-03,163.23,2.99,73.783,97557.0,4.301128352767737,11.488192101549553,0,0
2011-06-10,167.3,2.99,74.795,99162.0,4.314751037826424,11.504510155368882,0,0
2011-06-17,172.35,2.94,74.988,97652.0,4.317328100734945,11.48916541740589,0,0
2011-06-24,184.73,2.88,75.665,98102.0,4.32631570213899,11.493763032705472,0,0
2011-07-01,171.85,3.22,74.349,99471.0,4.308770222916587,11.507621423378323,0,0
2011-07-08,179.62,3.03,75.179,99527.0,4.319871936637618,11.508184243120011,0,0
2011-07-15,187.49,2.94,75.126,99120.0,4.319166703914866,11.504086516303024,0,0
2011-07-22,184.13,2.99,74.201,98115.0,4.306777627171468,11.493895539063423,0,0
2011-07-29,189.07,2.82,73.897,98638.0,4.302672231730953,11.499211861882467,0,0
2011-08-05,215.58,2.58,74.598,97592.0,4.312113697198855,11.488550801828573,0,0
2011-08-12,247.7,2.24,74.607,96521.0,4.312234336587762,11.477515880232335,0,0
2011-08-19,231.02,2.07,74.009,94813.0,4.304186707430482,11.459661809643231,0,0
2011-08-26,247.01,2.19,73.814,94412.0,4.3015484155123165,11.45542346269877,0,0
2011-09-02,233.21,2.02,74.756,94268.0,4.314229476608056,11.453897068507986,0,0
2011-09-09,244.16,1.93,77.192,92947.0,4.346295824718083,11.439784717211836,0,0
2011-09-16,247.05,2.08,76.599,92857.0,4.338584021831044,11.438815954353785,0,0
2011-09-23,299.0,1.84,78.501,91271.0,4.363111363560727,11.421588381953585,0,0
2011-09-30,290.15,1.92,78.553,93601.0,4.363773556206571,11.446796346169297,0,0
2011-10-07,274.95,2.1,78.726,91203.0,4.365973469351633,11.420843070258245,0,0
2011-10-14,243.51,2.26,76.623,91951.0,4.33889729277381,11.429011105449131,0,0
2011-10-21,263.53,2.23,76.395,88387.0,4.335917249004678,11.389480178987997,0,0
2011-10-28,231.48,2.34,75.067,91628.0,4.318381048084902,11.425492180808465,0,0
2011-11-04,237.75,2.06,76.962,90942.0,4.343311793545769,11.417977219659711,0,0
2011-11-11,253.93,2.04,76.945,95971.0,4.343090880915815,11.47180134148028,0,0
2011-11-18,276.11,2.01,78.064,94019.0,4.3575290030734815,11.451252168486672,0,0
2011-11-25,326.51,1.97,79.686,95528.0,4.378093911646169,11.46717467721322,0,0
2011-12-02,263.31,2.05,78.625,94843.0,4.364689715020605,11.459978171901744,0,0
2011-12-09,269.6,2.07,78.632,93981.0,4.364778741264328,11.450847913162018,0,0
2011-12-16,286.1,1.86,80.256,92290.0,4.385221525570401,11.432691072259622,0,0
2011-12-23,283.74,2.03,79.93,93049.0,4.381151251637927,11.440881515102385,0,0
2011-12-30,289.07,1.89,80.178,88218.0,4.384249163026979,11.387566302805713,0,0
2012-01-06,331.11,1.98,81.254,87846.0,4.397580050767283,11.383340560421537,0,0
2012-01-13,318.72,1.89,81.515,87321.0,4.4007870523916175,11.377346262728402,0,0
2012-01-20,299.56,2.05,80.223,85392.0,4.384810256800466,11.355007698573726,0,0
2012-01-27,274.17,1.93,78.902,86422.0,4.368206576073018,11.366997552009154,0,0
2012-02-03,255.24,1.97,78.924,88110.0,4.368485364107214,11.386341312860775,0,0
2012-02-10,263.85,1.96,79.114,88536.0,4.370889850262965,11.391164527944621,0,0
2012-02-17,254.04,2.01,79.331,88101.0,4.373628972806125,11.386239162597649,0,0
2012-02-24,243.05,1.98,78.352,88815.0,4.361211494959962,11.394310833633986,0,0
2012-03-02,228.73,1.99,79.403,90780.0,4.374536150914631,11.416194276010456,0,0
2012-03-09,222.75,2.04,80.041,90411.0,4.38253900339061,11.412121220393614,0,0
2012-03-16,212.34,2.31,79.786,90503.0,4.3793480504681215,11.413138278309866,0,0
2012-03-23,221.01,2.25,79.345,90749.0,4.373805433014805,11.415852732782637,0,0
2012-03-30,228.54,2.23,79.004,91347.0,4.369498484096612,11.42242072054439,0,0
2012-04-06,228.97,2.07,79.886,90345.0,4.380600618395802,11.411390954145931,0,0
2012-04-13,240.21,2.02,79.888,93296.0,4.380625653758254,11.443532513461937,0,0
2012-04-20,238.78,1.99,79.194,92927.0,4.371900538374873,11.439569517667229,0,0
2012-04-27,233.66,1.96,78.709,92989.0,4.365757507207688,11.44023648556992,0,0
2012-05-04,226.47,1.91,79.498,92732.0,4.375731864111134,11.437468891554785,0,0
2012-05-11,242.46,1.84,80.264,94044.0,4.385321201623311,11.451518036840865,0,0
2012-05-18,269.75,1.71,81.292,92819.0,4.398047610728061,11.438406639196947,0,0
2012-05-25,278.12,1.75,82.402,91645.0,4.41160970846553,11.425677696405948,0,0
2012-06-01,296.9,1.47,82.89,90543.0,4.417514427603435,11.413580154967189,0,0
2012-06-08,271.26,1.65,82.511,92235.0,4.41293161778587,11.43209494705568,0,0
2012-06-15,241.15,1.6,81.628,92202.0,4.402172340366839,11.431737101283387,0,0
2012-06-22,239.1,1.69,82.256,94677.0,4.409836335313149,11.458226377447845,0,0
2012-06-29,238.72,1.67,81.627,95488.0,4.402160089593509,11.466755864123378,0,0
2012-07-06,233.74,1.57,83.377,97466.0,4.423372491954077,11.487258878220977,0,0
2012-07-13,217.24,1.52,83.349,96669.0,4.423036611524352,11.479048050934267,0,0
2012-07-20,197.51,1.49,83.478,99228.0,4.424583124087794,11.505175511510167,0,0
2012-07-27,193.26,1.58,82.709,99036.0,4.415328423194261,11.503238699380685,0,0
2012-08-03,176.12,1.6,82.375,103114.0,4.411281992822671,11.543590451281021,0,0
2012-08-10,180.19,1.65,82.553,103207.0,4.413440511316941,11.54449195918665,0,0
2012-08-17,186.46,1.81,82.596,103221.0,4.413961253204228,11.544627599700743,0,0
2012-08-24,180.78,1.68,81.593,104485.0,4.401743473976651,11.556798799414198,0,0
2012-08-31,180.89,1.57,81.208,108702.0,4.39701376448213,11.596365472204067,0,0
2012-09-07,161.48,1.67,80.252,107493.0,4.385171683817955,11.585181008150627,0,0
2012-09-14,138.21,1.88,78.847,109727.0,4.367509265760704,11.605750741776966,0,0
2012-09-21,150.15,1.77,79.328,109611.0,4.37359115585278,11.60469301342333,0,0
2012-09-28,163.51,1.65,79.935,112089.0,4.381213804416856,11.6270484775729,0,0
2012-10-05,148.92,1.75,79.337,112203.0,4.373704602422719,11.628065009681194,0,0
2012-10-12,160.58,1.69,79.667,114629.0,4.377855447355066,11.64945610535121,0,0
2012-10-19,153.61,1.79,79.621,114941.0,4.377277877151677,11.652174232215291,0,0
2012-10-26,167.23,1.78,80.068,114693.0,4.38287627362846,11.650014272484425,0,0
2012-11-02,166.8,1.75,80.593,116945.0,4.389411797105786,11.669459017784995,0,0
2012-11-09,150.51,1.61,81.026,117277.0,4.394770090821244,11.672293936984305,0,0
2012-11-16,153.24,1.58,81.257,117165.0,4.397616971344972,11.671338476712508,0,0
2012-11-23,141.86,1.7,80.192,117672.0,4.384423759273603,11.675656371999178,0,0
2012-11-30,130.47,1.62,80.153,118366.0,4.383937308174173,11.681536798030931,0,0
2012-12-07,126.72,1.64,80.408,119142.0,4.387113673722439,11.688071338015087,0,0
2012-12-14,124.16,1.72,79.58,120586.0,4.376762804998783,11.700118470301204,0,0
2012-12-21,125.86,1.77,79.617,120646.0,4.377227637887169,11.700615916753062,0,0
2012-12-28,127.95,1.73,79.678,120290.0,4.377993512559716,11.697660772988119,0,0
2013-01-04,116.5,1.93,80.499,122145.0,4.388244761987111,11.71296414256934,0,0
2013-01-11,120.08,1.89,79.563,121627.0,4.3765491606655145,11.708714263340772,0,0
2013-01-18,124.63,1.87,80.036,123324.0,4.382476533454247,11.722570317413073,0,0
2013-01-25,119.63,1.98,79.748,123343.0,4.378871662980581,11.72272437125925,0,0
2013-02-01,130.97,2.04,79.125,125233.0,4.3710288804643405,11.737931281192244,0,0
2013-02-08,133.3,1.99,80.246,125451.0,4.3850969165311,11.739670523066106,0,0
2013-02-15,133.74,2.01,80.58,125166.0,4.389250479763201,11.737396135272341,0,0
2013-02-22,140.98,1.97,81.482,124605.0,4.400382136958194,11.732904012941281,0,0
2013-03-01,136.98,1.86,82.313,124037.0,4.410529053896592,11.728335187175372,0,0
2013-03-08,130.32,2.06,82.696,123993.0,4.415171233266183,11.727980391380818,0,0
2013-03-15,130.07,2.01,82.261,125362.0,4.4098971193050955,11.738960830954968,0,0
2013-03-22,143.52,1.93,82.376,125291.0,4.41129413235445,11.738394310690706,0,0
2013-03-29,141.17,1.87,82.976,126687.0,4.418551409356254,11.749474756467277,0,0
2013-04-05,141.46,1.72,82.496,127070.0,4.412749807316722,11.75249339469858,0,0
2013-04-12,123.67,1.75,82.311,130274.0,4.4105047561028305,11.777395203678102,0,0
2013-04-19,125.115,1.73,82.714,131827.0,4.415388874280283,11.789245735912637,0,0
2013-04-26,122.245,1.7,82.502,135243.0,4.412822535471035,11.814828439361946,0,0
2013-05-03,112.89,1.78,82.125,133479.0,4.408242476804775,11.801699441078181,0,0
2013-05-10,111.25,1.9,83.143,131401.0,4.420562016887707,11.786008995353765,0,0
2013-05-17,117.955,1.95,84.252,130227.0,4.433812307823112,11.77703436052963,0,0
2013-05-24,123.84,2.01,83.7,129814.0,4.4272389774954295,11.773857935679295,0,0
2013-05-31,131.275,2.16,83.375,128848.0,4.423348504235788,11.766388694035326,0,0
2013-06-07,167.55,2.17,81.669,128276.0,4.402674492897034,11.761939471531095,0,0
2013-06-14,160.91,2.14,80.67,128745.0,4.390366758948883,11.76558898282043,0,0
2013-06-21,208.74,2.52,82.318,127546.0,4.410589795798197,11.756232362827333,0,0
2013-06-28,187.61,2.52,83.136,122565.0,4.420477821048134,11.716396780486917,0,0
2013-07-05,191.165,2.73,84.449,123659.0,4.436147801857471,11.725283056390554,0,0
2013-07-12,212.615,2.61,82.988,120170.0,4.418696019030893,11.696662685905345,0,0
2013-07-19,182.385,2.5,82.607,120966.0,4.414094422698925,11.703264793357766,0,0
2013-07-26,199.225,2.58,81.657,122168.0,4.402527547523711,11.713152425633018,0,0
2013-08-02,204.71,2.63,81.908,128853.0,4.405596666186314,11.766427498696547,0,0
2013-08-09,209.205,2.57,81.126,128818.0,4.396003501604676,11.766155834440847,0,0
2013-08-16,212.045,2.84,81.257,129979.0,4.397616971344972,11.775128177927439,0,0
2013-08-23,234.745,2.82,81.361,129292.0,4.398896042716884,11.769828691229426,0,0
2013-08-30,239.56,2.78,82.087,130660.0,4.407779660437173,11.780353808394741,0,0
2013-09-06,246.87,2.94,82.146,130370.0,4.408498151879674,11.778131840656824,0,0
2013-09-13,205.605,2.9,81.452,126688.0,4.400013889688268,11.749482649905858,0,0
2013-09-20,181.4,2.75,80.431,126189.0,4.387399674010388,11.74553606205735,0,0
2013-09-27,205.415,2.64,80.287,131060.0,4.385607714945027,11.783410512593488,0,0
2013-10-04,208.93,2.66,80.122,129257.0,4.383550473042224,11.769557949511501,0,0
2013-10-11,196.475,2.7,80.362,132562.0,4.386541427641014,11.794805739494173,0,0
2013-10-18,178.595,2.6,79.654,132679.0,4.377692254806327,11.795687956101624,0,0
2013-10-25,181.49,2.53,79.194,134268.0,4.371900538374873,11.807593081595721,0,0
2013-11-01,191.04,2.65,80.716,133897.0,4.3909368208036375,11.804826126648587,0,0
2013-11-08,199.61,2.77,81.303,133977.0,4.398182916241967,11.805423422409866,0,0
2013-11-15,201.275,2.71,80.849,135135.0,4.392583217362827,11.81402955775365,0,0
2013-11-22,197.615,2.75,80.708,135328.0,4.390837702952432,11.815456740272214,0,0
2013-11-29,202.65,2.75,80.68,134617.0,4.390490713086011,11.81018898836616,0,0
2013-12-06,205.05,2.88,80.315,135637.0,4.38595640300973,11.817737478625475,0,0
2013-12-13,192.99,2.88,80.214,135962.0,4.384698063229041,11.820130713910743,0,0
2013-12-20,203.74,2.89,80.575,135066.0,4.389188427701502,11.813518826842218,0,0
2013-12-27,230.92,3.02,80.392,132874.0,4.386914668746657,11.79715658974575,0,0
2014-01-03,239.855,3.01,80.791,130311.0,4.391865573184539,11.77767918011764,0,0
2014-01-10,235.39,2.88,80.658,129704.0,4.390217993700171,11.773010210229906,0,0
2014-01-17,241.23,2.84,81.225,126143.0,4.397223081555164,11.745171463032973,0,0
2014-01-24,265.59,2.75,80.458,121676.0,4.387735309140863,11.709117053283046,0,0
2014-01-31,263.795,2.67,81.311,124242.0,4.398281308754376,11.729986555568079,0,0
2014-02-07,244.075,2.71,80.691,121672.0,4.390627044893052,11.709084178552205,0,0
2014-02-14,244.375,2.75,80.136,123066.0,4.3837251913094635,11.720476075809959,0,0
2014-02-21,234.225,2.73,80.237,124148.0,4.384984755118247,11.729229681261646,0,0
2014-02-28,225.035,2.66,79.691,127695.0,4.3781566559568486,11.757399886986267,0,0
2014-03-07,216.425,2.8,79.719,128064.0,4.378507951362256,11.760285417943406,0,0
2014-03-14,247.63,2.65,79.446,127941.0,4.3750775455856745,11.75932449913741,0,0
2014-03-21,250.805,2.75,80.105,126695.0,4.383338274098677,11.749537902231403,0,0
2014-03-28,223.79,2.73,80.176,126528.0,4.384224218217369,11.748218906530289,0,0
2014-04-04,201.59,2.74,80.423,125211.0,4.387300204926541,11.737755593213642,0,0
2014-04-11,196.51,2.63,79.452,128034.0,4.375153065730709,11.76005113262968,0,0
2014-04-18,200.1,2.73,79.847,127398.0,4.380112303510651,11.75507132340985,0,0
2014-04-25,201.31,2.68,79.749,129647.0,4.378884202401385,11.772570651478114,0,0
2014-05-02,191.675,2.6,79.516,129520.0,4.3759582592722746,11.771590588351517,0,0
2014-05-09,179.205,2.62,79.903,129594.0,4.380813399001028,11.772161765532308,0,0
2014-05-16,187.035,2.52,80.043,129040.0,4.382563990272498,11.767877712799091,0,0
2014-05-23,182.18,2.54,80.393,130611.0,4.386927107717955,11.779978718923852,0,0
2014-05-30,181.49,2.48,80.369,130588.0,4.386628529693567,11.77980260798882,0,0
2014-06-06,176.765,2.6,80.409,130781.0,4.38712611021858,11.78127944751515,0,0
2014-06-13,180.655,2.6,80.576,130534.0,4.389200838421882,11.77938900820964,0,0
2014-06-20,179.895,2.63,80.372,130719.0,4.386665856822306,11.780805260125769,0,0
2014-06-27,174.075,2.54,80.039,132552.0,4.382514015884362,11.794730300249133,0,0
2014-07-04,179.745,2.65,80.269,135007.0,4.385383494111481,11.813081907928158,0,0
2014-07-11,177.36,2.53,80.187,133682.0,4.3843614069706005,11.803219124258495,0,0
2014-07-18,183.99,2.5,80.524,134014.0,4.388555276636582,11.805699551087583,0,0
2014-07-25,175.28,2.48,81.029,133226.0,4.39480711528825,11.799802213235518,0,0
2014-08-01,184.725,2.52,81.302,133498.0,4.398170616497186,11.801841775436813,0,0
2014-08-08,193.97,2.44,81.389,133577.0,4.399240128741784,11.802433369575569,0,0
2014-08-15,186.125,2.34,81.424,135576.0,4.399670069846477,11.817287647673208,0,0
2014-08-22,183.0,2.4,82.336,135414.0,4.410808436099334,11.816092031456387,0,0
2014-08-29,179.72,2.35,82.748,134080.0,4.4157998447808025,11.80619191571591,0,0
2014-09-05,172.31,2.46,83.739,134477.0,4.427704818795309,11.809148459683756,0,0
2014-09-12,180.1,2.62,84.24,133020.0,4.43366986782572,11.798254771838412,0,0
2014-09-19,182.835,2.59,84.735,132582.0,4.439528739445335,11.79495660091316,0,0
2014-09-26,196.57,2.54,85.64,134424.0,4.450152463721482,11.808754262557779,0,0
2014-10-03,202.755,2.45,86.694,133172.0,4.4623846772395295,11.799396804780953,0,0
2014-10-10,197.55,2.31,85.912,133942.0,4.4533235165559155,11.80516214941169,0,0
2014-10-17,196.175,2.22,85.11,133650.0,4.4439445374888695,11.802979721567064,0,0
2014-10-24,183.575,2.29,85.732,132685.0,4.451226151474886,11.795733177005749,0,0
2014-10-31,173.14,2.35,86.917,132287.0,4.4649536402965015,11.792729083748235,0,0
2014-11-07,177.78,2.32,87.642,132893.0,4.473260335096729,11.797299572132822,0,0
2014-11-14,172.185,2.32,87.525,132669.0,4.471924466840729,11.795612583383498,0,0
2014-11-21,166.56,2.31,88.31,132594.0,4.480853351480711,11.79504710684136,0,0
2014-11-28,163.39,2.18,88.356,133440.0,4.48137410817458,11.801407217592574,0,0
2014-12-05,156.53,2.31,89.334,131886.0,4.492382154501469,11.789693192056129,0,0
2014-12-12,187.085,2.1,88.363,132033.0,4.481453329990046,11.790807170323715,0,0
2014-12-19,182.965,2.17,89.598,127344.0,4.495332998303186,11.754647365045631,0,0
2014-12-26,175.05,2.25,90.03,126448.0,4.500142948120385,11.747586435444756,0,0
2015-01-02,179.985,2.12,91.08,128317.0,4.5117382411955385,11.762259043774678,0,0
2015-01-09,184.22,1.98,91.935,127789.0,4.521081805605805,11.758135745233686,0,0
2015-01-16,181.13,1.83,92.52,130348.0,4.527424837363238,11.777963075937455,0,0
2015-01-23,177.965,1.81,94.762,129311.0,4.551368485019736,11.769975634613951,0,0
2015-01-30,184.89,1.68,94.804,130527.0,4.5518116024636575,11.77933538089647,0,0
2015-02-06,189.575,1.95,94.698,130925.0,4.550692880644835,11.782379919147688,0,0
2015-02-13,188.45,2.02,94.201,128606.0,4.545430797237223,11.764508745995885,0,0
2015-02-20,184.88,2.13,94.253,127718.0,4.545982656060276,11.757579987451491,0,0
2015-02-27,196.415,2.0,95.293,128484.0,4.556956355706374,11.763559661946271,0,0
2015-03-06,212.67,2.24,97.615,127858.0,4.581031170134765,11.758675552089823,0,0
2015-03-13,216.865,2.13,100.33,125795.0,4.608464752937522,11.742408876830618,0,0
2015-03-20,208.53,1.93,97.909,121855.0,4.584038475852481,11.710587092269746,0,0
2015-03-27,215.95,1.95,97.291,123422.0,4.577706487483181,11.7233646565728,0,0
2015-04-03,213.72,1.85,96.545,121569.0,4.5700092208945025,11.708237281802427,0,0
2015-04-10,210.03,1.96,99.338,121759.0,4.598528176599547,11.709798960183994,0,0
2015-04-17,229.33,1.87,97.52,122374.0,4.5800574851730165,11.714837208195746,0,0
2015-04-24,228.32,1.93,96.922,122068.0,4.573906531311147,11.712333545487683,0,0
2015-05-01,223.14,2.12,95.297,122856.0,4.5569983306263655,11.718768216805529,0,0
2015-05-08,219.93,2.16,94.794,121913.0,4.551706116118767,11.711062954574023,0,0
2015-05-15,208.82,2.14,93.135,121788.0,4.5340500534849655,11.710037107236818,0,0
2015-05-22,202.885,2.21,96.014,120860.0,4.564494014168523,11.70238812991555,0,0
2015-05-29,208.855,2.12,96.907,120651.0,4.573751755709663,11.700657359456459,0,0
2015-06-05,215.035,2.41,96.306,122415.0,4.567530622159135,11.715172190571453,0,0
2015-06-12,227.445,2.39,94.972,122368.0,4.553582111314996,11.714788176971018,0,0
2015-06-19,224.65,2.26,94.085,120864.0,4.544198628996607,11.702421225512184,0,0
2015-06-26,214.92,2.49,95.472,119909.0,4.558833010779726,11.69448840075068,0,0
2015-07-03,218.625,2.4,96.113,120313.0,4.565524582581729,11.697851959299761,0,0
2015-07-10,214.545,2.42,96.025,120400.0,4.564608574231968,11.698574811856858,0,0
2015-07-17,210.765,2.34,97.862,120302.0,4.583558323011631,11.697760526928482,0,0
2015-07-24,224.825,2.27,97.244,119006.0,4.5772232839371405,11.68692919099068,0,0
2015-07-31,235.42,2.2,97.336,120639.0,4.5781689104851475,11.70055789408276,0,0
2015-08-07,245.005,2.18,97.563,120479.0,4.580498323182441,11.699230742866472,0,0
2015-08-14,256.54,2.2,96.52,120657.0,4.569750240756831,11.700707088433544,0,0
2015-08-21,278.465,2.05,95.008,120358.0,4.5539610985813495,11.698225913789702,0,0
2015-08-28,259.97,2.19,96.106,120414.0,4.565451748990845,11.698691084166738,0,0
2015-09-04,273.8049999999999,2.13,96.229,121106.0,4.5667307675445965,11.704421474143722,0,0
2015-09-11,292.055,2.2,95.194,119268.0,4.555916914601063,11.689128340756007,0,0
2015-09-18,265.02,2.13,94.863,118712.0,4.552433745502806,11.684455670685962,0,0
2015-09-25,301.685,2.17,96.269,117931.0,4.567146356283967,11.67785498665461,0,0
2015-10-02,317.865,1.99,95.83,118107.0,4.562575788355671,11.679346272232506,0,0
2015-10-09,268.11,2.12,94.813,117618.0,4.551906530661095,11.67519736395848,0,0
2015-10-16,262.36,2.04,94.54,117469.0,4.5490230253650905,11.673929747969916,0,0
2015-10-23,248.57,2.09,97.127,118476.0,4.57601940049639,11.68246568739945,0,0
2015-10-30,252.6,2.16,96.946,118560.0,4.574154122456902,11.683174440529914,0,0
2015-11-06,247.0,2.34,99.168,119427.0,4.596815381605338,11.690460585030223,0,0
2015-11-13,250.98,2.28,98.998,118742.0,4.595099647910325,11.684708351206481,0,0
2015-11-20,239.14,2.26,99.565,118296.0,4.600810697210639,11.680945237053324,0,0
2015-11-27,267.57,2.22,100.02,118472.0,4.605370165990758,11.682431924717338,0,0
2015-12-04,266.08,2.28,98.354,116090.0,4.588573215080722,11.662121031332081,0,0
2015-12-11,283.145,2.13,97.565,116502.0,4.580518822546962,11.66566371922251,0,0
2015-12-18,263.55,2.19,98.703,113530.0,4.592115341114291,11.639822398158579,0,0
2015-12-25,269.725,2.25,97.847,113251.0,4.583405034199881,11.637361873328372,0,0
2016-01-01,267.515,2.27,98.683,110528.0,4.591912692496168,11.61302416150635,0,0
2016-01-08,296.425,2.13,98.54,112568.0,4.590462557115817,11.631312762468092,0,0
2016-01-15,306.455,2.03,98.956,111381.0,4.59467530689544,11.620712035375936,0,0
2016-01-22,291.165,2.07,99.574,111152.0,4.600901086335884,11.618653912932663,0,0
2016-01-29,273.77,1.94,99.606,111334.0,4.601222403739994,11.620289971296751,0,0
2016-02-05,284.33,1.86,97.031,111714.0,4.575030515075,11.623697312924108,0,0
2016-02-12,301.1799999999999,1.74,95.94,111907.0,4.563722996073918,11.625423448196921,0,0
2016-02-19,303.18,1.76,96.6,110872.0,4.570578741218473,11.61613166174864,0,0
2016-02-26,300.775,1.76,98.148,110838.0,4.5864765435408374,11.615824954786692,0,0
2016-03-04,275.22,1.88,97.34,112073.0,4.5782100044053085,11.626905723671461,0,0
2016-03-11,254.62,1.98,96.172,114792.0,4.566138255014333,11.650877074028243,0,0
2016-03-18,239.175,1.88,95.086,114430.0,4.554781745254863,11.64771856131176,0,0
2016-03-25,265.235,1.91,96.273,114041.0,4.567187905660213,11.644313311841197,0,0
2016-04-01,254.82,1.79,94.619,114151.0,4.549858301557004,11.645277412322548,0,0
2016-04-08,264.905,1.72,94.235,116576.0,4.5457916624685915,11.66629869980829,0,0
2016-04-15,241.08,1.76,94.696,116341.0,4.550671760651593,11.66428081292377,0,0
2016-04-22,231.76,1.89,95.116,114620.0,4.555097199353651,11.649377588105729,0,0
2016-04-29,234.965,1.83,93.082,116026.0,4.533480825096246,11.661569582904383,0,0
2016-05-06,263.14,1.79,93.888,119026.0,4.542102582520517,11.68709723562373,0,0
2016-05-13,262.7,1.71,94.608,119639.0,4.549742039078474,11.692234154300394,0,0
2016-05-20,274.51,1.85,95.334,117234.0,4.557386515134285,11.671927216442565,0,0
2016-05-27,266.225,1.85,95.521,117498.0,4.559346118601217,11.674176591144892,0,0
2016-06-03,258.865,1.71,94.029,119433.0,4.54360324532868,11.690510823663743,0,0
2016-06-10,244.96,1.64,94.571,121207.0,4.549350875149372,11.705255106725128,0,0
2016-06-17,260.35,1.62,94.206,120113.0,4.54548387382144,11.696188245340934,0,0
2016-06-24,256.84,1.57,95.448,120369.0,4.558581596573499,11.698317303621401,0,0
2016-07-01,247.0,1.46,95.649,122571.0,4.560685241048547,11.716445732905177,0,0
2016-07-08,227.88,1.37,96.302,122611.0,4.567489087020403,11.716772021134776,0,0
2016-07-15,220.14,1.6,96.58,122710.0,4.570371680445396,11.717579126970593,0,0
2016-07-22,275.695,1.57,97.467,121426.0,4.579513859174305,11.707060302716373,0,0
2016-07-29,270.51,1.46,95.53,119717.0,4.559440334281917,11.692885903182903,0,0
2016-08-05,261.425,1.59,96.194,120935.0,4.566366985664198,11.703008490157947,0,0
2016-08-12,239.895,1.51,95.722,122426.0,4.561448157096859,11.715262044803444,0,0
2016-08-19,241.78,1.58,94.511,123483.0,4.548716229841898,11.723858773753426,0,0
2016-08-26,238.81,1.62,95.566,122368.0,4.559817108263852,11.714788176971018,0,0
2016-09-02,244.02,1.6,95.844,122863.0,4.562721869723252,11.718825192456594,0,0
2016-09-09,234.705,1.67,95.336,123442.0,4.557407493788505,11.723526689109288,0,0
2016-09-16,242.27,1.7,96.108,122895.0,4.565472559129546,11.719085611244024,0,0
2016-09-23,240.2,1.62,95.477,121991.0,4.558885380784294,11.711702550502414,0,0
2016-09-30,258.0,1.6,95.463,117846.0,4.558738737859552,11.677133966337257,0,0
2016-10-07,243.775,1.73,96.632,118439.0,4.570909949302977,11.682153339086335,0,0
2016-10-14,247.985,1.8,98.019,119450.0,4.585161337429769,11.690653152753956,0,0
2016-10-21,241.935,1.74,98.695,119615.0,4.59203428659495,11.692033530694681,0,0
2016-10-28,248.26,1.86,98.348,119743.0,4.588512209091949,11.693103058449772,0,0
2016-11-04,267.6,1.79,97.065,120588.0,4.575380857177339,11.70013505583696,0,0
2016-11-11,286.415,2.15,99.06,123043.0,4.595725727160092,11.720289166756922,0,0
2016-11-18,287.18,2.34,101.21,117504.0,4.61719756620081,11.674227654540108,0,0
2016-11-25,290.9,2.36,101.49,115261.0,4.619960271460727,11.654954400989807,0,0
2016-12-02,298.985,2.4,100.77,113598.0,4.612840692292311,11.640421179480404,0,0
2016-12-09,278.575,2.47,101.59,112319.0,4.620945105103454,11.629098316086102,0,0
2016-12-16,274.52,2.6,102.95,111705.0,4.634243433473799,11.623616746812855,0,0
2016-12-23,268.475,2.55,103.01,110124.0,4.634826070895602,11.609362282607014,0,0
2016-12-30,268.745,2.45,102.21,106101.0,4.627029520340985,11.572146749628347,0,0
2017-01-06,265.21,2.42,102.22,110984.0,4.627127353340134,11.617141325760562,0,0
2017-01-13,283.115,2.4,101.18,110559.0,4.61690110886379,11.613304594098073,0,0
2017-01-20,276.505,2.48,100.74,107563.0,4.612542940317504,11.585832001403288,0,0
2017-01-27,267.655,2.49,100.53,107832.0,4.610456190417329,11.588329739418105,0,0
2017-02-03,248.43,2.49,99.868,107454.0,4.6038493140206755,11.584818127994794,0,0
2017-02-10,243.885,2.41,100.8,109118.0,4.613138355637268,11.600185144463573,0,0
2017-02-17,235.465,2.42,100.95,105369.0,4.614625344758847,11.565223754181263,0,0
2017-02-24,232.17,2.31,101.09,107099.0,4.616011209165967,11.581508919324088,0,0
2017-03-03,239.95,2.49,101.54,105882.0,4.620452809519248,11.570080545471289,0,0
2017-03-10,230.31,2.58,101.25,109625.0,4.617592705986649,11.604820729674485,0,0
2017-03-17,218.925,2.5,100.3,108690.0,4.60816569496789,11.596255072557232,0,0
2017-03-24,230.7,2.4,99.627,107203.0,4.601433212191182,11.58247951230189,0,0
2017-03-31,235.43,2.4,100.35,105678.0,4.608664075242347,11.56815201396035,0,0
2017-04-07,231.195,2.38,101.18,106346.0,4.61690110886379,11.574453208261433,0,0
2017-04-14,229.1,2.24,100.51,105140.0,4.610257225036649,11.56304807437344,0,0
2017-04-21,227.545,2.24,99.977,102967.0,4.604940159534035,11.542163827526945,0,0
2017-04-28,205.28,2.29,99.05,102733.0,4.59562477314456,11.539888668548445,0,0
2017-05-05,202.585,2.36,98.648,105929.0,4.591557958568229,11.570524337349626,0,0
2017-05-12,204.8,2.33,99.252,105429.0,4.59766207049777,11.565793019559685,0,0
2017-05-19,207.8,2.23,97.142,105022.0,4.576173825546499,11.561925131002136,0,0
2017-05-26,194.195,2.25,97.442,104931.0,4.579257329202503,11.56105827026951,0,0
2017-06-02,194.0,2.15,96.715,105957.0,4.571768509354061,11.570788630414416,0,0
2017-06-09,193.92,2.21,97.274,106717.0,4.577531738684135,11.577935749809804,0,0
2017-06-16,185.55,2.16,97.164,109015.0,4.576400272491978,11.599240766422149,0,0
2017-06-23,187.25,2.15,97.264,107610.0,4.5774289310063665,11.586268859194439,0,0
2017-06-30,194.45,2.31,95.628,108708.0,4.560465664203611,11.596420667457288,0,0
2017-07-07,203.835,2.39,96.008,108784.0,4.56443152132914,11.59711954376624,0,0
2017-07-14,188.94,2.33,95.153,105130.0,4.555486122409602,11.562952958569877,0,0
2017-07-21,180.06,2.24,93.858,104762.0,4.541783001807688,11.559446389695617,0,0
2017-07-28,181.06,2.3,93.259,106761.0,4.535380568611985,11.578347970278639,0,0
2017-08-04,172.555,2.27,93.542,108759.0,4.538410533296448,11.596889704147314,0,0
2017-08-11,180.5,2.19,93.069,108164.0,4.533341153539057,11.591403872841486,0,0
2017-08-18,177.32,2.19,93.434,107548.0,4.53725530468945,11.585692538521108,0,0
2017-08-25,171.51,2.17,92.74,110310.0,4.529799878963315,11.611049862963428,0,0
2017-09-01,159.47,2.16,92.814,111991.0,4.530597490482583,11.626173789905566,0,0
2017-09-08,162.18,2.06,91.352,113305.0,4.514720176399347,11.637838576669026,0,0
2017-09-15,161.12,2.2,91.872,112503.0,4.520396303938654,11.630735166937729,0,0
2017-09-22,183.355,2.26,92.171,111823.0,4.5236455474639135,11.624672543052801,0,0
2017-09-29,184.5,2.33,93.076,111943.0,4.533416363724701,11.625745092157702,0,0
2017-10-06,175.53,2.37,93.8,114328.0,4.541164856012179,11.646826789161631,0,0
2017-10-13,175.89,2.28,93.091,116702.0,4.533577509363106,11.667378956088378,0,0
2017-10-20,171.84,2.39,93.701,114993.0,4.540108861546019,11.652626535927542,0,0
2017-10-27,189.555,2.42,94.916,116900.0,4.552992289929511,11.66907414746016,0,0
2017-11-03,194.99,2.34,94.941,118516.0,4.5532556460358915,11.682803251539841,0,0
2017-11-10,212.585,2.4,94.391,119158.0,4.547445729623354,11.688205622530607,0,0
2017-11-17,205.97,2.35,93.662,117030.0,4.539692557360419,11.670185591168812,0,0
2017-11-24,204.91,2.34,92.782,118945.0,4.53025265546117,11.686416480379366,0,0
2017-12-01,199.24,2.37,92.885,112443.0,4.531362168843367,11.630201705561017,0,0
2017-12-08,184.395,2.38,93.901,114287.0,4.542241035784773,11.64646810753147,0,0
2017-12-15,176.89,2.35,93.932,113581.0,4.542571116231569,11.640271517759631,0,0
2017-12-22,167.58,2.48,93.347,111396.0,4.536323732352952,11.620846699187933,0,0
2017-12-29,166.97,2.4,92.124,107651.0,4.5231354956337615,11.586649792113041,0,0
2018-01-05,156.66,2.47,91.949,111455.0,4.521234075515389,11.621376200975032,0,0
2018-01-12,156.92,2.55,90.974,112124.0,4.510573751407033,11.627360680703712,0,0
2018-01-19,166.085,2.64,90.572,113931.0,4.506145114510275,11.643348280973047,0,0
2018-01-26,163.09,2.66,89.067,116732.0,4.489388895502348,11.667635988056,0,0
2018-02-02,164.49,2.84,89.195,116104.0,4.490824984203231,11.6622416201502,0,0
2018-02-09,179.45,2.83,90.442,115793.0,4.504708761274057,11.659559393243828,0,0
2018-02-16,165.11,2.87,89.1,116053.0,4.489759334476764,11.661802262294778,0,0
2018-02-23,170.35,2.88,89.883,113894.0,4.498508824597217,11.643023470260218,0,0
2018-03-02,171.045,2.86,89.935,114396.0,4.499087187179934,11.64742139228158,0,0
2018-03-09,166.855,2.9,90.093,115777.0,4.5008424701422145,11.659421206086376,0,0
2018-03-16,171.85,2.85,90.233,114918.0,4.502395213818984,11.651974109530716,0,0
2018-03-23,182.86,2.82,89.436,114024.0,4.493523285687557,11.644164231534868,0,0
2018-03-30,191.4,2.74,89.974,110046.0,4.499520739704943,11.608653739179088,0,0
2018-04-06,194.97,2.77,90.108,108427.0,4.501008950905748,11.59383241446381,0,0
2018-04-13,200.39,2.82,89.8,112296.0,4.497584975308154,11.628893521214161,0,0
2018-04-20,193.685,2.96,90.316,111569.0,4.503314631881081,11.622398512564176,0,0
2018-04-27,192.545,2.96,91.542,112762.0,4.5167978833591205,11.633034681856849,0,0
2018-05-04,225.08,2.95,92.566,110951.0,4.527921903602145,11.616843941389073,0,0
2018-05-11,231.97,2.97,92.537,110710.0,4.527608564539706,11.614669448853512,0,0
2018-05-18,272.64,3.06,93.637,108862.0,4.539425604518723,11.597836304040625,0,0
2018-05-25,264.365,2.93,94.253,108232.0,4.545982656060276,11.592032350283196,0,0
2018-06-01,274.13,2.89,94.156,106645.0,4.54495298116608,11.577260840475123,0,0
2018-06-08,268.125,2.93,93.535,106748.0,4.538335697800868,11.578226195552364,0,0
2018-06-15,303.995,2.93,94.788,103610.0,4.551642818970282,11.548389129245798,0,0
2018-06-22,298.79,2.9,94.52,103460.0,4.548811452318707,11.546940343557505,0,0
2018-06-29,293.65,2.85,94.47,98400.0,4.548282323781043,11.496796083040344,0,0
2018-07-06,286.11,2.82,93.963,102021.0,4.542901087761213,11.532933953428486,0,0
2018-07-13,323.555,2.83,94.677,101717.0,4.550471098465708,11.529949726376008,0,0
2018-07-20,307.13,2.89,94.476,101481.0,4.54834583399033,11.527626867823122,0,0
2018-07-27,308.29,2.96,94.669,100610.0,4.550386597076666,11.519006935286097,0,0
2018-08-03,336.415,2.95,95.161,102918.0,4.555570193996608,11.54168783363788,1,0
2018-08-10,404.475,2.87,96.357,101276.0,4.56806004401171,11.525604742127301,1,0
2018-08-17,503.755,2.87,96.101,92320.0,4.56539972174937,11.433016081741927,1,0
2018-08-24,476.37,2.82,95.146,92691.0,4.5554125539725305,11.43702665946202,1,0
2018-08-31,564.125,2.86,95.14,88848.0,4.555349491004136,11.394682323481389,1,0
2018-09-07,540.3,2.94,95.365,88752.0,4.55771163482839,11.393601242295016,0,0
2018-09-14,436.155,2.99,94.927,87574.0,4.553108175161122,11.380239429216592,0,0
2018-09-21,397.82,3.07,94.22,84182.0,4.545632473271895,11.340736400654828,0,0
2018-09-28,368.005,3.05,95.132,84655.0,4.555265400859451,11.346339452562333,0,0
2018-10-05,416.435,3.23,95.624,84194.0,4.56042383457568,11.340878938784018,0,0
2018-10-12,400.71,3.15,95.221,84362.0,4.556200505706606,11.342872342230127,0,0
2018-10-19,388.335,3.2,95.713,83814.0,4.5613541304036564,11.336355336955606,0,0
2018-10-26,387.45,3.08,96.359,86280.0,4.5680807999427175,11.365353100503093,0,0
2018-11-02,369.72,3.22,96.542,88140.0,4.569978146819083,11.386681738395978,0,0
2018-11-09,361.495,3.19,96.905,88380.0,4.573731117152711,11.389400978684732,0,0
2018-11-16,363.19,3.08,96.465,89746.0,4.569180248254936,11.404738737112206,0,0
2018-11-23,389.01,3.05,96.916,90176.0,4.573844623945182,11.409518595258351,0,0
2018-11-30,386.9,3.01,97.272,91002.0,4.5775111779941176,11.418636763279451,0,0
2018-12-07,380.975,2.85,96.514,90762.0,4.569688075542393,11.415995974790254,0,0
2018-12-14,381.765,2.89,97.443,92558.0,4.579267591664981,11.435590754028233,0,0
2018-12-21,368.905,2.79,96.956,92089.0,4.574257267344617,11.430510779714115,0,0
2018-12-28,358.92,2.72,96.402,91930.0,4.568526948289253,11.4287826968578,0,0
2019-01-04,360.23,2.67,96.179,93167.0,4.566211038623496,11.442148860720312,0,0
2019-01-11,365.5,2.71,95.67,92811.0,4.560904769690076,11.438320446232394,0,0
2019-01-18,337.265,2.79,96.336,94247.0,4.567842080722092,11.453674274564937,0,0
2019-01-25,312.36,2.76,95.794,93332.0,4.562200052535277,11.44391830766695,0,0
2019-02-01,303.0,2.7,95.579,97624.0,4.5599531306554395,11.488878643811676,0,0
2019-02-08,309.5599999999999,2.63,96.637,98829.0,4.570961690658302,11.501146362933932,0,0
2019-02-15,309.355,2.66,96.904,98553.0,4.573720797714501,11.498349753517841,0,0
2019-02-22,317.285,2.65,96.507,99670.0,4.569615544574228,11.509620007961502,0,0
2019-03-01,303.195,2.76,96.527,100064.0,4.569822761956363,11.513565260257568,0,0
2019-03-08,325.175,2.62,97.306,97396.0,4.577860652244506,11.486540421025516,0,0
2019-03-15,311.095,2.59,96.595,94439.0,4.570526980044518,11.4557094024098,0,0
2019-03-22,371.19,2.44,96.651,92381.0,4.5711065522122984,11.433676608779873,0,0
2019-03-29,435.24,2.41,97.284,96241.0,4.57763453579357,11.47461074128452,0,0
2019-04-05,381.205,2.5,97.395,97305.0,4.57877487462856,11.485605654315265,0,0
2019-04-12,440.965,2.56,96.972,97809.0,4.574422277039311,11.490771876328788,0,0
2019-04-19,428.39,2.57,97.378,95945.0,4.578600312445473,11.471530389603842,0,0
2019-04-26,454.15,2.51,98.006,93715.0,4.585028701286225,11.448013540793085,0,0
2019-05-03,437.315,2.54,97.52,93050.0,4.5800574851730165,11.440892262070397,0,0
2019-05-10,485.18,2.47,97.33,93656.0,4.578107266438402,11.447383774159508,0,0
2019-05-17,483.28,2.39,97.995,92474.0,4.584916456960824,11.434682802908744,0,0
2019-05-24,514.6700000000001,2.32,97.613,93547.0,4.581010681270462,11.44621926277542,0,0
2019-05-31,483.715,2.14,97.75,95554.0,4.582413198865475,11.467446811691199,0,0
2019-06-07,466.655,2.09,96.544,96379.0,4.56999886297665,11.4760436145439,0,0
2019-06-14,471.0549999999999,2.09,97.572,97407.0,4.580590567013701,11.486653355631367,0,0
2019-06-21,435.97,2.07,96.22,97010.0,4.5666372362713075,11.48256934495533,0,0
2019-06-28,394.875,2.0,96.13,96397.0,4.565701442077724,11.47623035978244,0,0
2019-07-05,368.325,2.04,97.286,97246.0,4.577655093947449,11.484999129529387,0,0
2019-07-12,396.99,2.12,96.81,98876.0,4.57275029473198,11.501621818798837,0,0
2019-07-19,372.035,2.05,97.151,98320.0,4.576266469131255,11.495982744239916,0,0
2019-07-26,349.225,2.08,98.01,98386.0,4.585069514281089,11.49665379649533,0,0
2019-08-02,364.59,1.86,98.074,98568.0,4.585722295765275,11.498501944304504,0,0
2019-08-09,375.875,1.74,97.491,104108.0,4.579760066050876,11.553184100833791,0,0
2019-08-16,409.595,1.55,98.142,102688.0,4.586415409504443,11.539450543909583,0,0
2019-08-23,408.905,1.52,97.64,101533.0,4.581287245524759,11.52813914777561,0,0
2019-08-30,421.44,1.5,98.916,101504.0,4.594271005119091,11.527853485554465,0,0
2019-09-06,375.39,1.55,98.394,101851.0,4.588979826589363,11.531266239967087,0,0
2019-09-13,374.45,1.9,98.257,100874.0,4.587586495030775,11.521627492264129,0,0
2019-09-20,371.695,1.74,98.513,103039.0,4.590188519164921,11.542862836322143,0,0
2019-09-27,356.245,1.69,99.109,101706.0,4.596220254568502,11.529841577346541,0,0
2019-10-04,355.94,1.52,98.808,105830.0,4.593178573135713,11.56958931208777,0,0
2019-10-11,385.9,1.76,98.301,104203.0,4.588034200041356,11.554096198673905,0,0
2019-10-18,373.81,1.76,97.282,104493.0,4.577613977217045,11.556875362497431,0,0
2019-10-25,342.03,1.8,97.831,104985.0,4.583241500230445,11.56157276179175,0,0
2019-11-01,330.49,1.73,97.239,105276.0,4.577171865561231,11.564340751916385,0,0
2019-11-08,311.8200000000001,1.94,98.353,102034.0,4.588563047674376,11.533061370056528,0,0
2019-11-15,304.995,1.84,97.999,103444.0,4.584957274536877,11.546785682458331,0,0
2019-11-22,301.87,1.77,98.27,105388.0,4.587718792374336,11.565404056615359,0,0
2019-11-29,314.785,1.78,98.273,104748.0,4.587749320045128,11.55931274452335,0,0
2019-12-06,305.89,1.84,97.7,105867.0,4.581901559048737,11.56993886829666,0,0
2019-12-13,291.955,1.82,97.172,103879.0,4.576482604123837,11.550982039238244,0,0
2019-12-20,280.62,1.92,97.69,104699.0,4.581799199664851,11.55884484571464,0,0
2019-12-27,278.9,1.88,96.919,106319.0,4.57387557810723,11.574199287774798,0,0
2020-01-03,274.3,1.8,96.838,105421.0,4.573039479233707,11.565717136230267,0,0
2020-01-10,269.045,1.83,97.356,106214.0,4.578374363200928,11.57321120584359,0,0
2020-01-17,244.71,1.84,97.606,106455.0,4.580938966939347,11.575477639627193,0,0
2020-01-24,237.635,1.7,97.853,104351.0,4.5834663525443045,11.555515495593113,0,0
2020-01-31,239.77,1.51,97.39,102375.0,4.578723535973108,11.53639782115537,0,0
2020-02-07,254.81,1.59,98.684,102759.0,4.591922825902461,11.540141719763469,0,0
2020-02-14,264.22,1.59,99.124,104056.0,4.596371591631741,11.552684494743577,0,0
2020-02-21,284.57,1.46,99.262,102670.0,4.597762819059669,11.53927524029301,0,0
2020-02-28,348.035,1.13,98.132,107823.0,4.586313511137786,11.588246272769938,0,0
2020-03-06,356.615,0.74,95.951,106834.0,4.563837644494241,11.579031506904892,0,0
2020-03-13,478.0,0.94,98.749,104164.0,4.592581277147678,11.553721859162797,0,0
2020-03-20,546.165,0.92,102.817,93447.0,4.632950708998817,11.445149709639674,0,0
2020-03-27,450.855,0.72,98.365,95406.0,4.5886850497282285,11.465896748540452,0,0
2020-04-03,617.77,0.62,100.576,89553.0,4.610913660615157,11.402585907765237,0,0
2020-04-10,468.18500000000006,0.73,99.482,88918.0,4.599976723276737,11.395469875697426,0,0
2020-04-17,613.8499999999999,0.65,99.782,87909.0,4.602987806329025,11.384057467510363,0,0
2020-04-24,597.07,0.6,100.38,86446.0,4.608962984226787,11.367275220521016,0,0
2020-05-01,587.9749999999999,0.64,99.079,86242.0,4.5959175117159665,11.364912576968534,0,0
2020-05-08,643.24,0.69,99.734,85831.0,4.60250664190185,11.360135525582294,0,0
2020-05-15,618.195,0.64,100.402,84428.0,4.609182127377947,11.343654379120508,0,0
2020-05-22,544.7049999999999,0.66,99.863,92406.0,4.603799246680092,11.43394719058652,0,0
2020-05-29,545.61,0.65,98.344,91025.0,4.58847153636504,11.418889473043635,0,0
2020-06-05,481.51,0.91,96.937,92219.0,4.574061282960851,11.431921462067118,0,0
2020-06-12,475.77,0.71,97.319,93061.0,4.57799424248234,11.44101047109633,0,0
2020-06-19,469.43,0.7,97.623,91592.0,4.5811131213943,11.425099210603648,0,0
2020-06-26,487.0,0.64,97.433,90237.0,4.579164962300577,11.410194821498418,0,0
2020-07-03,463.05,0.68,97.172,90503.0,4.576482604123837,11.413138278309866,0,0
2020-07-10,478.775,0.65,96.652,90035.0,4.571116898663208,11.407953762603606,0,0
2020-07-17,517.5150000000001,0.64,95.942,89459.0,4.563743842218945,11.401535698744171,0,0
2020-07-24,486.035,0.59,94.435,93029.0,4.547911767147809,11.44066655148415,0,0
2020-07-31,553.68,0.55,93.349,90244.0,4.536345157557563,11.410272391990642,0,0
2020-08-07,584.5550000000001,0.57,93.435,91823.0,4.537266007374218,11.427618089889819,0,0
2020-08-14,546.725,0.71,93.096,88194.0,4.533631218805776,11.387294212470042,0,0
2020-08-21,551.385,0.64,93.247,88711.0,4.535251886424639,11.393139174137378,0,0
2020-08-28,525.945,0.74,92.371,84634.0,4.5258130765716835,11.34609135611061,0,0
2020-09-04,514.54,0.72,92.719,87546.0,4.529573413813716,11.379919648492077,0,0
2020-09-11,509.72,0.67,93.333,88187.0,4.536173743066191,11.387214838841322,0,0
2020-09-18,514.255,0.7,92.926,86318.0,4.531803477492106,11.365793430062114,0,0
2020-09-25,549.06,0.66,94.642,83517.0,4.550101352160279,11.332805482931114,0,0
2020-10-02,514.915,0.7,93.844,83637.0,4.541633829182719,11.334241284893558,0,0
2020-10-09,514.655,0.79,93.057,83594.0,4.533212208630591,11.33372702616225,0,0
2020-10-16,523.325,0.76,93.682,85487.0,4.539906068335694,11.356119596580942,0,0
2020-10-23,508.315,0.85,92.768,88350.0,4.530101752739245,11.389061477747843,0,0
2020-10-30,549.3050000000001,0.88,94.038,84406.0,4.543698955899986,11.343393768104665,0,0
2020-11-06,518.885,0.83,92.229,85239.0,4.524274614729778,11.35321435456232,0,0
2020-11-13,399.08,0.89,92.755,82350.0,4.5299616083903365,11.318733735605786,0,0
2020-11-20,370.925,0.83,92.392,85085.0,4.526040394812786,11.351406035805537,0,0
2020-11-27,381.02,0.84,91.79,84196.0,4.519503359231,11.340902693163732,0,0
2020-12-04,354.325,0.97,90.701,86648.0,4.507568382418636,11.369609213515574,0,0
2020-12-11,369.35,0.9,90.976,88176.0,4.5105957354685895,11.387090096123016,0,0
2020-12-18,326.15,0.95,90.016,91806.0,4.499987432307447,11.427432933949868,0,0
2020-12-25,319.805,0.94,90.223,94628.0,4.502284383477956,11.457708694332299,0,0
2021-01-01,305.98,0.93,89.937,93206.0,4.499109425215871,11.442567376283932,0,0
2021-01-08,307.25,1.13,90.098,92562.0,4.500897966809654,11.435633969239994,0,0
2021-01-15,321.155,1.11,90.772,90081.0,4.508350868007376,11.408464544555239,0,0
2021-01-22,324.68,1.1,90.238,93328.0,4.502450624383576,11.443875448993419,0,0
2021-01-29,310.375,1.11,90.584,95535.0,4.506277597011739,11.467247951473576,0,0
2021-02-05,288.54,1.19,91.042,95519.0,4.511320938502274,11.467080459559904,0,0
2021-02-12,288.135,1.2,90.48,95616.0,4.505128831807865,11.468095449052434,0,0
2021-02-19,285.04,1.34,90.364,94048.0,4.503845957994976,11.451560569218644,0,0
2021-02-26,306.38,1.44,90.879,95213.0,4.509528951391175,11.463871766078572,0,0
2021-03-05,323.575,1.56,91.977,91663.0,4.521538545793831,11.425874087180578,0,0
2021-03-12,315.045,1.64,91.679,91611.0,4.518293345402579,11.42530663078856,0,0
2021-03-19,303.17,1.74,91.919,93161.0,4.520907754456084,11.44208445816136,0,0
2021-03-26,451.335,1.67,92.766,90638.0,4.530080193348512,11.414628830145118,0,1
2021-04-02,445.56,1.72,93.022,87446.0,4.53283602431734,11.378776738977525,0,1
2021-04-09,438.32,1.67,92.163,89320.0,4.523558748501107,11.399980705954095,0,1
2021-04-16,404.03,1.59,91.556,89540.0,4.516950806930402,11.402440731794956,0,0
2021-04-23,418.255,1.58,90.859,88676.0,4.509308854327482,11.392744556713843,0,0
2021-04-30,414.3049999999999,1.65,91.28,87850.0,4.51393170555382,11.383386093615243,0,0
2021-05-07,397.875,1.6,90.233,90326.0,4.502395213818984,11.41118062708658,0,0
2021-05-14,403.415,1.63,90.321,91974.0,4.503369991525022,11.429261207394163,0,0
2021-05-21,396.815,1.63,90.017,92447.0,4.499998541381894,11.4343907863158,0,0
2021-05-28,401.92,1.58,90.031,92604.0,4.50015405546734,11.436087616245603,0,0
2021-06-04,400.87,1.56,90.136,93686.0,4.5013196408618645,11.447704044042998,0,0
2021-06-11,368.35,1.47,90.555,94866.0,4.5059574009164995,11.4602206485382,0,0
2021-06-18,383.365,1.45,92.225,97322.0,4.524231243482739,11.485780347446672,0,0
2021-06-25,375.685,1.54,91.851,100158.0,4.5201676989181445,11.514504218083443,0,0
2021-07-02,380.37,1.44,92.226,100213.0,4.52424208647085,11.51505319973629,0,0
2021-07-09,385.055,1.37,92.13,104068.0,4.52320062312084,11.55279981061309,0,0
2021-07-16,375.495,1.31,92.687,104886.0,4.5292282254129335,11.560629325039239,0,0
2021-07-23,376.525,1.3,92.912,104439.0,4.531652808629694,11.556358447891698,0,0
2021-07-30,375.58,1.24,92.174,105720.0,4.52367809513269,11.568549368718225,0,0
2021-08-06,380.915,1.31,92.8,109009.0,4.530446639792155,11.599185726610004,0,0
2021-08-13,380.335,1.29,92.518,107098.0,4.527403220181902,11.581499582125154,0,0
2021-08-20,381.985,1.26,93.496,108555.0,4.537918654630856,11.595012235968337,0,0
2021-08-27,363.54,1.31,92.686,118264.0,4.529217436355196,11.680674692580926,0,0
2021-09-03,360.075,1.33,92.035,119197.0,4.522168939484685,11.688532865511437,0,0
2021-09-10,358.915,1.35,92.582,120141.0,4.528094738307784,11.696421331991951,0,0
2021-09-17,374.64,1.37,93.195,120786.0,4.5346940721837665,11.701775663726883,0,0
2021-09-24,410.6,1.47,93.327,122043.0,4.5361094550558825,11.712128720632698,0,0
2021-10-01,428.16,1.48,94.035,121721.0,4.543667053394041,11.709486819553893,0,0
2021-10-08,424.38,1.61,94.067,123462.0,4.544007294330434,11.723688695395486,0,0
2021-10-15,441.69,1.59,93.937,125727.0,4.54262434481107,11.741868168648775,0,0
2021-10-22,449.96,1.66,93.642,125141.0,4.5394790007884716,11.73719638057045,0,0
2021-10-29,440.265,1.55,94.123,123783.0,4.544602437554335,11.726285311548368,0,0
2021-11-05,397.225,1.45,94.32,125443.0,4.546693256229116,11.739606751114582,0,0
2021-11-12,400.73,1.58,95.128,127690.0,4.555223353135277,11.757360730418727,0,0
2021-11-19,441.845,1.54,96.031,128403.0,4.564671056008137,11.762929034451034,0,0
2021-11-26,457.86,1.48,96.089,126145.0,4.5652748453248355,11.745187317928966,0,0
2021-12-03,533.0,1.35,96.117,124025.0,4.565566199394928,11.72823843716925,0,0
2021-12-10,492.575,1.48,96.097,122890.0,4.565358098007181,11.719044925278643,0,0
2021-12-17,549.29,1.41,96.565,116873.0,4.570216356724563,11.668843154145106,0,0
2021-12-24,554.005,1.5,96.019,110925.0,4.564546088551583,11.61660957624711,0,0
2021-12-31,562.975,1.52,95.67,111051.0,4.560904769690076,11.617744834234752,0,0
2022-01-07,571.815,1.76,95.719,109443.0,4.5614168158481165,11.603159144761369,0,0
2022-01-14,548.51,1.78,95.165,109548.0,4.555612227139747,11.604118088353081,0,0
2022-01-21,555.9,1.75,95.642,109813.0,4.560612054123881,11.606534198134796,0,0
2022-01-28,526.315,1.78,97.27,110213.0,4.577490616881349,11.610170136075476,0,0
2022-02-04,537.3299999999999,1.93,95.485,114655.0,4.558969167087377,11.649682898325088,0,0
2022-02-11,507.22,1.92,96.082,114847.0,4.5652019935417565,11.651356086748658,0,0
2022-02-18,525.15,1.92,96.043,114010.0,4.564796007849778,11.644041442827765,0,0
2022-02-25,576.78,1.97,96.615,113143.0,4.570734008666964,11.636407784366716,0,0
2022-03-04,626.2149999999999,1.74,98.648,110260.0,4.591557958568229,11.610596492143674,0,0
2022-03-11,661.12,2.0,99.124,108863.0,4.596371591631741,11.59784548994027,0,0
2022-03-18,572.405,2.14,98.233,108707.0,4.587342207788479,11.596411468459978,0,0
2022-03-25,588.0799999999999,2.48,98.789,108036.0,4.592986262523118,11.590219783896478,0,0
2022-04-01,547.645,2.39,98.632,108961.0,4.591395752566251,11.598745299021108,0,0
2022-04-08,586.995,2.72,99.796,109911.0,4.603128102353867,11.607426226374754,0,0
2022-04-15,585.47,2.83,100.5,112296.0,4.61015772749913,11.628893521214161,0,0
2022-04-22,581.7750000000001,2.9,101.22,108915.0,4.617296365785932,11.598323040482457,0,0
2022-04-29,609.26,2.89,102.959,106864.0,4.634330850730992,11.579312276965418,0,0
2022-05-06,636.4300000000001,3.12,103.66,107658.0,4.641116312761561,11.586714814940722,0,0
2022-05-13,700.335,2.93,104.563,101939.0,4.649789760564659,11.532129874153942,0,0
2022-05-20,721.45,2.78,103.15,100260.0,4.636184239517261,11.515522090817495,0,0
2022-05-27,708.5,2.74,101.668,102896.0,4.621712602607403,11.541474048374644,0,0
2022-06-03,714.945,2.96,102.14,102740.0,4.626344421219498,11.539956804021259,0,0
2022-06-10,818.43,3.15,104.148,102513.0,4.645812964450108,11.537744898786741,0,0
2022-06-17,828.035,3.25,104.7,101027.0,4.651099117876491,11.523143086830645,0,0
2022-06-24,795.5799999999998,3.13,104.185,101935.0,4.646168165022163,11.53209063423124,0,0
2022-07-01,837.0,2.88,105.138,100941.0,4.655273772954337,11.522291466720553,0,0
2022-07-08,856.63,3.09,107.007,98650.0,4.672894252882823,11.49933351145076,0,0
2022-07-15,891.4,2.93,108.063,99364.0,4.682714390384801,11.506545154005941,0,0
2022-07-22,842.215,2.77,106.73,98322.0,4.670302280925873,11.496003085774278,0,0
2022-07-29,838.165,2.67,105.903,101262.0,4.662523580818012,11.525466496464539,0,0
2022-08-05,734.23,2.83,106.621,108637.0,4.669280490453989,11.595767328272807,0,0
2022-08-12,651.875,2.84,105.631,113737.0,4.659951888797738,11.641644044567801,0,0
2022-08-19,776.815,2.98,108.169,112249.0,4.683694818892061,11.62847489687885,0,0
2022-08-26,731.46,3.04,108.803,111647.0,4.689538907571111,11.623097387225265,0,0
2022-09-02,763.6,3.2,109.534,111926.0,4.696235003343803,11.625593217623642,0,0
2022-09-09,729.78,3.33,109.003,113681.0,4.691375404786174,11.64115155935439,0,0
2022-09-16,728.925,3.45,109.764,114738.0,4.698332606462228,11.650406547291029,0,0
2022-09-23,753.09,3.69,113.192,110802.0,4.729085491893651,11.615500103673927,0,0
2022-09-30,777.2049999999998,3.83,112.117,107047.0,4.719542968892589,11.581023269337425,0,0
2022-10-07,762.825,3.89,112.795,113975.0,4.725572011840387,11.643734405081641,0,0
2022-10-14,760.5150000000001,4.0,113.311,116025.0,4.730136250699927,11.661560964109377,0,0
2022-10-21,729.26,4.21,112.012,113967.0,4.718606008412851,11.643664211786827,0,0
2022-10-28,656.975,4.02,110.752,114179.0,4.707293467452934,11.645522671378654,0,0
2022-11-04,638.4100000000001,4.17,110.877,113681.0,4.708421478798509,11.64115155935439,0,0
2022-11-11,556.77,3.82,106.292,117522.0,4.666190023814036,11.674380829082798,0,0
2022-11-18,589.205,3.82,106.93,122884.0,4.672174414768565,11.718996099935024,0,0
2022-11-25,528.335,3.68,105.959,122600.0,4.663052226835742,11.716682302484248,0,0
2022-12-02,506.62,3.51,104.545,124988.0,4.649617600723387,11.735973011676144,0,0
2022-12-09,521.5450000000001,3.57,104.81,128764.0,4.652149187182086,11.765736550478527,0,0
2022-12-16,523.79,3.48,104.701,129510.0,4.651108668929256,11.771513377217634,0,0
2022-12-23,510.69,3.75,104.314,128428.0,4.647405581186849,11.763123715000336,0,0
2022-12-30,507.025,3.88,103.522,128754.0,4.6397841505041395,11.765658886004548,0,0
2023-01-06,522.015,3.55,103.879,126409.0,4.643226760256106,11.74727796069176,0,0
2023-01-13,543.79,3.49,102.204,127271.0,4.626970815946944,11.754073950266452,0,0
2023-01-20,556.015,3.48,102.012,128742.0,4.625090453423222,11.765565680673136,0,0
2023-01-27,550.105,3.52,101.927,127139.0,4.624256870784081,11.753036255114178,0,0
2023-02-03,511.35,3.53,102.915,129626.0,4.6339034048109635,11.772408660063306,0,0
2023-02-10,543.4749999999999,3.74,103.63,125637.0,4.640826863196126,11.741152075621564,0,0
2023-02-17,561.94,3.82,103.862,122597.0,4.643063094922465,11.716657832364303,0,0
2023-02-24,567.435,3.95,105.214,121169.0,4.655996371297181,11.704941544323642,0,0
2023-03-03,550.7950000000001,3.97,104.521,120358.0,4.649388008153524,11.698225913789702,0,0
2023-03-10,512.285,3.7,104.576,120012.0,4.649914079797483,11.695347016764517,0,0
2023-03-17,530.11,3.39,103.708,126885.0,4.641579257872255,11.751036443406225,0,0
2023-03-24,529.43,3.38,103.116,124693.0,4.635854568119086,11.733609995369179,0,0
2023-03-31,518.99,3.48,102.506,122422.0,4.629921333450629,11.715229371471414,0,0
2023-04-07,546.64,3.39,102.092,121102.0,4.625874367546383,11.704388444681438,0,0
2023-04-14,523.24,3.52,101.552,121530.0,4.620570982564114,11.707916424864846,0,0
2023-04-21,550.115,3.57,101.822,116129.0,4.623226190787662,11.662456921163376,0,0
2023-04-28,537.27,3.44,101.659,114883.0,4.6216240752597715,11.651669498147209,0,0
2023-05-05,552.445,3.44,101.214,114131.0,4.617237087206229,11.645102190447401,0,0
2023-05-12,551.57,3.46,102.681,105127.0,4.631627094950452,11.562924422064551,0,0
2023-05-19,605.395,3.7,103.198,101590.0,4.636649473014709,11.52870038408559,0,0
2023-05-26,671.64,3.8,104.206,98457.0,4.646369709235408,11.497375183621914,0,0
2023-06-02,563.505,3.69,104.015,100484.0,4.644535119510346,11.51775378982687,0,0
2023-06-09,513.625,3.75,103.557,99783.0,4.640122185749947,11.51075310710857,0,0
2023-06-16,473.055,3.77,102.243,102800.0,4.62735233292174,11.540540632003202,0,0
2023-06-23,509.625,3.74,102.903,107560.0,4.63378679693397,11.585804110382801,0,0
2023-06-30,482.81,3.81,102.912,108586.0,4.633874254116447,11.59529776472809,0,0
2023-07-07,497.375,4.06,102.272,110415.0,4.627635930703755,11.612001273160915,0,0
2023-07-14,435.615,3.83,99.914,113060.0,4.6043098159759355,11.635673930229283,0,0
2023-07-21,435.765,3.84,101.071,113550.0,4.615823240170404,11.639998547533704,0,0
2023-07-28,401.775,3.96,101.622,113773.0,4.6212600471370395,11.641960514176175,0,0
2023-08-04,392.175,4.05,102.017,115590.0,4.625139466063592,11.657804726288314,0,0
2023-08-11,390.91,4.16,102.842,116318.0,4.63319382989431,11.664083098671798,0,0
2023-08-18,420.07,4.26,103.375,117074.0,4.638363153343855,11.670561492482058,0,0
2023-08-25,380.22,4.25,104.077,117298.0,4.645131009807279,11.672472984197828,0,0
2023-09-01,374.145,4.18,104.236,120623.0,4.646657559094909,11.70042525819295,0,0
2023-09-08,375.555,4.26,105.09,120643.0,4.654817125877505,11.7005910503066,0,0
2023-09-15,386.95,4.33,105.322,121514.0,4.657022324193343,11.707784761462145,0,0
2023-09-22,378.635,4.44,105.583,125502.0,4.659497373464225,11.740076973681974,0,0
2023-09-29,392.4299999999999,4.59,106.174,122202.0,4.665079257741984,11.713430692197813,0,0
2023-10-06,400.88,4.78,106.044,122882.0,4.663854102323867,11.718979824290713,0,0
2023-10-13,401.205,4.63,106.648,124497.0,4.669533691811376,11.732036898211035,0,0
2023-10-20,418.11,4.93,106.163,126124.0,4.664975648856016,11.745020828982259,0,0
2023-10-27,408.295,4.84,106.559,126559.0,4.668698822363661,11.74846388157962,0,0
2023-11-03,378.665,4.57,105.021,128418.0,4.65416033016019,11.763045847328618,0,0
2023-11-10,369.965,4.61,105.861,128612.0,4.662126912823917,11.764555399029508,0,0
2023-11-17,344.01,4.44,103.917,134467.0,4.643592503585368,11.809074094760168,0,0
2023-11-24,332.565,4.47,103.403,136492.0,4.638633975193096,11.824021283831025,0,0
2023-12-01,332.1950000000001,4.22,103.268,140148.0,4.637327550787147,11.850454286066565,0,0
2023-12-08,327.78,4.23,104.01,141373.0,4.644487048365042,11.859157066545588,0,0
2023-12-15,286.16,3.91,102.55,142527.0,4.63035048451839,11.867286734427182,0,0
2023-12-22,276.87,3.9,101.698,145452.0,4.622007637177759,11.887601414258512,0,0
2023-12-29,279.255,3.88,101.333,141060.0,4.618412123259017,11.85694061076217,0,0
2024-01-05,304.215,4.05,102.412,139611.77,4.629003893239489,11.846620778077241,0,0
2024-01-12,302.175,3.96,102.404,139799.18,4.628925774342488,11.84796224324247,0,0
2024-01-19,316.275,4.15,103.288,138090.91,4.637521202872417,11.835667515362818,0,0
2024-01-26,311.605,4.15,103.433,137160.55,4.63892406009331,11.828907416484244,0,0
2024-02-02,330.145,4.03,103.922,135443.66,4.643640617750669,11.816311039477933,0,0
2024-02-09,307.11,4.17,104.111,134926.82,4.645457637665774,11.812487836371226,0,0
2024-02-16,291.095,4.3,104.275,134208.13,4.647031640083009,11.807147082906807,0,0
2024-02-23,286.11,4.26,103.936,131749.86,4.643775325099158,11.788660403784448,0,0
2024-03-01,291.74,4.19,103.861,130919.25,4.643053466715671,11.782335999909431,0,0
2024-03-08,316.38,4.09,102.712,130532.84,4.631928955288783,11.77938012159654,0,0
2024-03-15,308.3,4.31,103.432,127896.71,4.638914391952252,11.75897826401482,0,0
2024-03-22,312.335,4.22,104.43,123844.32,4.648516990491458,11.726780571936061,0,0
2024-03-29,300.79,4.2,104.487,123126.05,4.64906266175243,11.72096390635681,0,0
2024-04-05,290.735,4.39,104.298,126871.2,4.647252186367458,11.75092767759074,0,0
2024-04-12,302.405,4.5,106.038,128445.93,4.663797520435715,11.763263316555303,0,0
2024-04-19,311.395,4.62,106.154,126283.55,4.664890869964026,11.74628505440856,0,0
2024-04-26,300.055,4.67,105.938,124080.07,4.662854017327644,11.728682362002422,0,0
2024-05-03,287.68,4.5,105.03,126854.89,4.654246023634684,11.750799113752292,0,0
2024-05-10,269.02,4.5,105.301,134402.04,4.656822915771,11.80859088552742,0,0
2024-05-17,262.71,4.42,104.445,139125.27,4.648660617062619,11.843130029276772,0,0
2024-05-24,262.735,4.46,104.724,142241.68,4.651328317969175,11.865282861701603,0,0
2024-05-31,289.665,4.51,104.671,143648.24,4.65082209765702,11.875122812330988,0,0
2024-06-07,257.735,4.43,104.885,146151.68,4.652864511850753,11.892400265512668,0,0
2024-06-14,265.045,4.2,105.55,146300.57,4.65918477429433,11.893418483104522,0,0
2024-06-21,269.705,4.25,105.796,147621.74,4.661512711526124,11.902408470275306,0,0
2024-06-28,272.83,4.36,105.866,142910.1257243,4.662174143455824,11.869971220220048,0,0
2024-07-05,258.395,4.28,104.875,148447.9190858,4.652769164787371,11.90798946248369,0,0
2024-07-12,251.735,4.18,104.093,153795.736575,4.645284730324466,11.943380615090785,0,0
2024-07-19,257.82,4.25,104.396,153909.9068371,4.648191360538286,11.94412268966617,0,0
2024-07-26,257.115,4.2,104.316,148010.895059,4.647424753884928,11.905041165300295,0,0
2024-08-02,274.27,3.8,103.208,150385.5259657,4.636746369422835,11.92095744893662,0,0
2024-08-09,277.28,3.94,103.135,150233.1126166,4.636038809650557,11.91994345085002,0,0
2024-08-16,267.72,3.89,102.463,152914.8214126,4.629501757801329,11.937636322553432,0,0
2024-08-23,265.385,3.81,100.718,150412.7631416,4.61232453250955,11.92113854821119,0,0
2024-08-30,265.49,3.91,101.698,149372.9182984,4.622007637177759,11.914201265493148,0,0
2024-09-06,280.185,3.72,101.177,146760.8331687,4.616871458295733,11.896559555536097,0,0
2024-09-13,267.9,3.66,101.114,153549.7076263,4.616248593195093,11.941779621772724,0,0
2024-09-20,268.32,3.73,100.723,156391.9051053,4.612374174836594,11.960120348115128,0,0
2024-09-27,268.0,3.75,100.381,157390.4129837,4.608972946321019,11.966484704493535,0,0
2024-10-04,271.525,3.98,102.52,156315.1675334,4.630057901495871,11.959629552861967,0,0
2024-10-11,273.98,4.08,102.89,157385.9520031,4.633660456387719,11.966456360684429,0,0
2024-10-18,274.01,4.08,103.493,159364.7786783,4.639503977567978,11.978951059054953,0,0
2024-10-25,270.69,4.25,104.257,159398.089511,4.646859004707673,11.979160059764544,0,0
2024-11-01,265.355,4.37,104.282,159618.5665341,4.647098768014487,11.980542288899136,0,0
2024-11-08,251.44,4.3,104.997,157307.8921419,4.653931778320781,11.965960260336402,0,0
2024-11-15,255.0,4.43,106.687,156684.1720895,4.669899313959026,11.961987415517536,0,0
2024-11-22,255.44,4.41,107.554,156638.7249162,4.677993047025853,11.96169731751287,0,0
2024-11-29,252.665,4.18,105.737,157738.1709705,4.660954878927618,11.968691791667945,0,0
2024-12-06,244.905,4.15,106.055,159390.0132371,4.6639578274711795,11.979109391161593,0,0
2024-12-13,245.795,4.4,107.003,163481.6102729,4.672856871452043,12.004455787598506,0,0
2024-12-20,255.6,4.52,107.621,156194.0071472,4.678615795971272,11.958854149116497,0,0
2024-12-27,257.66,4.62,107.998,155057.2516213,4.682112708434231,11.951549693001525,0,0
2025-01-03,256.865,4.6,108.952,157933.3661442,4.690907418266656,11.969928489790062,0,0
2025-01-10,267.01,4.77,109.65,160446.7980653,4.697293474863897,11.985717690373159,0,0
2025-01-17,269.17,4.61,109.347,163302.6971374,4.694526311904185,12.00336079527899,0,0
2025-01-24,257.515,4.63,107.443,167559.9604681,4.6769604743865845,12.02909653913411,0,0
2025-01-31,251.61,4.58,108.37,165974.5881414,4.685551297934904,12.019589972134666,0,0
2025-02-07,251.23,4.49,108.04,167491.5204615,4.682501528924415,12.028688004855367,0,0
2025-02-14,243.635,4.47,106.71,173152.3330411,4.6701148746284735,12.061927023843749,0,0
2025-02-21,249.725,4.42,106.612,169994.8916606,4.66919607575265,12.043523666525623,0,0
2025-02-28,253.18,4.24,107.614,165416.6387095,4.6785507507880775,12.016222653304833,0,0
2025-03-07,257.5549999999999,4.32,103.838,169915.2152864,4.64283199236968,12.043054858014013,0,0
2025-03-14,258.235,4.31,103.718,171081.539491,4.641675677800401,12.049895560961803,0,0
2025-03-21,312.285,4.25,104.088,163114.2003429,4.6452366952011745,12.002205850072977,0,0
2025-03-28,313.67,4.27,104.044,156511.1639948,4.644813886592643,11.960882621848127,0,0
2025-04-04,312.72,4.01,103.023,154260.5374805,4.634952264272559,11.946398253732536,0,0
2025-04-11,362.77,4.48,100.102,147488.4545988,4.606189666141557,11.901505177792009,0,0
2025-04-18,323.19,4.34,99.23,146556.7560843,4.5974403879261505,11.895168045958718,0,0
2025-04-25,332.38,4.29,99.471,141050.6192174,4.599866144396185,11.856874106476514,0,0
2025-05-02,332.38,4.33,100.03,138532.0837981,4.605470140997089,11.838857229754197,0,0
2025-05-09,327.63,4.37,100.339,144342.8875908,4.608554452891236,11.879946911904888,0,0
2025-05-16,294.32,4.43,101.092,145657.0052466,4.616030993320837,11.889009857671766,0,0
2025-05-23,297.375,4.51,99.112,153109.7153867,4.5962505238134375,11.938910037416216,0,0
2025-05-30,318.3,4.41,99.329,153190.1275717,4.598437572724659,11.9394350927742,0,0
2025-06-06,298.235,4.51,99.19,155878.8819817,4.597037202757902,11.956834587125796,0,0
2025-06-13,296.715,4.41,98.184,159287.7271951,4.5868432692952075,11.978467450840478,0,0
2025-06-20,307.875,4.38,98.707,155697.9401268,4.5921558659104065,11.95567312797735,0,0
2025-06-27,301.78,4.29,97.401,154410.8356151,4.578836477536236,11.947372092964667,0,0
2025-07-04,273.66,4.35,97.18,164397.4374827,4.576564928977757,12.010042174394536,0,0
2025-07-11,280.92,4.43,97.853,166243.276418,4.5834663525443045,12.02120751510178,0,0
2025-07-18,284.805,4.44,98.482,168568.5171661,4.589873790362099,12.035097576188829,0,0
2025-07-25,271.715,4.4,97.645,171847.5351609,4.581338452734745,12.054362939206833,0,0
2025-08-01,279.135,4.23,99.141,168987.8682787,4.5965430792875726,12.037582205995385,0,0
2025-08-08,273.54,4.27,98.18,174364.8395793,4.586802528629907,12.06890516221455,0,0
2025-08-15,264.84,4.33,97.852,176510.041612,4.583456133081338,12.08113304672298,0,0
2025-08-22,264.885,4.26,97.716,176326.6006422,4.582065312272994,12.080093239830157,0,0
2025-08-29,263.15,4.23,97.771,178356.8418368,4.582628009551598,12.09154155190602,0,0
2025-09-05,263.5,4.1,97.768,180106.8430646,4.5825973251356995,12.101305526358933,0,0
2025-09-12,261.44,4.06,97.55,177860.1344774,4.5803650670691205,12.08875275903903,0,0
2025-09-19,239.825,4.14,97.644,178852.4963265,4.5813282115025205,12.094316702244216,0,0
2025-09-26,258.495,4.2,98.152,182952.5414422,4.586517297488882,12.116982061808642,0,0
2025-10-03,255.47,4.13,97.723,186216.3656109,4.582136945877372,12.134664532609925,0,0
2025-10-10,263.09,4.05,98.978,189734.1330288,4.594897603217351,12.153379071359915,0,0
2025-10-17,271.935,4.02,98.433,198441.6423291,4.589376113689308,12.198250342580597,0,0
2025-10-24,263.2,4.02,98.952,185505.6484553,4.5946348840727085,12.130840610459838,0,0
2025-10-31,244.32,4.11,99.804,183597.8102387,4.603208262674551,12.120502830292937,0,0
2025-11-07,246.625,4.11,99.603,185046.7981524,4.601192284618867,12.128364035056666,0,0
2025-11-14,240.99,4.14,99.299,187432.1958912,4.598135500506965,12.141172437078032,0,0
2025-11-21,244.41,4.06,100.18,180631.1264372,4.606968567929471,12.10421225526505,0,0
2025-11-28,237.015,4.02,99.459,183241.6264423,4.599745498942864,12.118560923983443,0,0
2025-12-05,227.355,4.14,98.992,186438.1668637,4.595039038788633,12.135854918126068,0,0
2025-12-12,218.49,4.19,98.399,190804.5252655,4.589030641404942,12.159004755039495,0,0
2025-12-19,206.01,4.16,98.599,192312.4492891,4.59106111956933,12.166876668374275,0,0
2025-12-26,205.815,4.14,98.022,193871.8697693,4.585191943272426,12.174952754735603,0,0
